{
  "id": "0012000001ZbRgPAAV",
  "nativeId": "",
  "name": "Jason Bourne",
  "phone": "1-(318)596-8473",
  "email": "test@example.com",
  "createdDate" : "2016-03-24T15:00:00.000Z",
  "billingAddress": {
  	"street": "Pleasure 4598",
  	"city": "Shreveport",
  	"state": "Louisiana",
  	"postalCode": "71105",
  	"country": "United States"
  },
  "shippingAddress": {
  	"street": "Autumn Leaf 3",
  	"city": "Jackson",
  	"state": "Mississippi",
  	"postalCode": "39204",
  	"country": "United States"
  },
  "lastModifiedDate" : "2016-03-24T15:00:00.000Z",
  "lastModifiedById" : "123456"
}
