[{
  "id": "0012000001BaRgPAAV",
  "name": "Michelle Ruiz",
  "email": "mruiz0@qq.com",
  "phone": "1-(951)768-8479",
  "billingAddress": {
  	"street": "Eastlawn 42",
  	"city": "Riverside",
  	"state": "California",
  	"postalCode": "92513",
  	"country": "United States"
  },
  "shippingAddress": {
  	"street": "South",
  	"street2": "07",
  	"city": "Houston",
  	"state": "Texas",
  	"postalCode": "77045",
  	"country": "United States"
  },
  "lastModifiedDate": "2016-04-07T14:00:00.000Z"
}, {
  "id": "0012000001ZsRgPAAV",
  "name": "Jeremy Adams",
  "email": "jadams1@instagram.com",
  "phone": "1-(216)797-9178",
  "billingAddress": {
  	"street": "Eastwood 442",
  	"city": "Cleveland",
  	"state": "Ohio",
  	"postalCode": "44191",
  	"country": "United States"
  },
  "shippingAddress": {
  	"street": "Menomonie 5",
  	"city": "South Bend",
  	"state": "Indiana",
  	"postalCode": "46614",
  	"country": "United States"
  },
  "lastModifiedDate": "2016-04-07T14:10:00.000Z"
}]
